id,legal_name
4,SIX Swiss Exchange
5,"BX Swiss AG, BX Listed"
6,Euronext - Euronext Brussels
7,"NYMEX New York Mercantile Exchange, COMEX GLOBEX"
8,"NYMEX New York Mercantile Exchange, NYMEX GLOBEX"
10,Nicht kotierte Anlagefonds
12,Nasdaq Copenhagen Equities
13,Deutsche Boerse AG
14,Boerse Duesseldorf
15,Boerse Muenchen
16,Boerse Stuttgart GmbH
17,Boerse Hamburg
18,Boerse Berlin
19,Boerse Hannover
21,Eurex Frankfurt AG
24,Banque Nationale de Belgique
25,Euronext Paris
26,"NYSE Euronext Paris MONEP,Equity & Index Derivatives"
34,Athens Exchange S.A. Cash Market
36,LSE London Stock Exchange
37,"Euronext EQF, Equity and Index Derivatives"
38,Euronext - Euronext Amsterdam
39,Euronext Brussels Derivates
40,"NASDAQ Helsinki Ltd, Equities"
41,Mercato del Reddito Fisso Milano
42,Mercato dei Derivat
44,Xetra
45,Mercato Telematico Optioni (gelöscht)
46,Mercato Continuo Italiano
47,Bourse de Luxembourg
48,Euronext - Oslo SE
49,WBAH
50,Wiener Boerse AG
51,Euronext Lisbon
52,Mercato Secondario Titoli di Stato
53,"NASDAQ Nordic Exchange Stockholm, Equities"
54,Mercado Continuo Espanol
55,Bolsa de Madrid
56,Barcelona
57,Bilbao
58,Valencia
59,NASDAQ International
60,HSBC LONDON (gelöscht)
61,Toronto Stock Exchange
62,Montreal Stock Exchange
63,TSX Venture Exchange
64,Alberta Stock Exchange
65,New York Stock Exchange
66,NYSE American
67,NASDAQ
68,"NYSE Arca, Listed Bonds"
69,NYSE Arca
70,Chicago Stock Exchange
72,Chicago Board Options Exchange
73,Bolsa de Valores de Rio de Janeiro
74,American Stock Options Exchange (ASOE)
75,NASDAQ SMALL CAP (gelöscht)
76,NASDAQ Mutual Fund Dissemination Service
77,Nasdaq
78,Philadelphia Stock Exchange Options
79,Pacific Bonds
80,Bolsa Mexicana de Valores (Mexican Stock Exchange)
81,San Jose
82,Bolsas y Mercados Argentinos
83,"B3 S.A., Brasil, Bolsa, Balcao"
84,Bolsa de Comercio de Santiago
85,Bolsa de Valores de Colombia
86,Panama
87,Montevideo Stock Exchange
88,Bolsa de Valores de Caracas
89,Bolsa de Valores de Lima
90,Valparaiso
91,Toronto Stock Exchange Options
92,The Montreal Exchange / Bourse de Montreal
93,Instinet
94,"CTA NYSE National, Inc"
95,OPRA-NYSE Arca Options
96,Midwest Options
98,Boston Stock Exchange
99,GLOBEX S&P MINI 500
100,JSE Johannesburg Stock Exchange
101,Nairobi Securities Exchange PLC
102,Bourse de Casablanca
103,Taiwan Stock Exchange
104,Hong Kong Exchanges and Clearing Ltd
105,Tel Aviv Stock Exchange
106,Tokyo Stock Exchange
108,"Philippine Stock Exchange, Inc"
109,Borsa Istanbul A.S.
110,Beirut
111,ASX - All Markets
112,JASDAQ Market
113,Hong Kong Futures Exchange
114,Bombay Stock Exchange Ltd. (Mumbai)
115,Tokyo Financial Exchange
116,New Zealand Exchange Ltd
117,Stock Exchange of Thailand
118,Fukuoka Stock Exchange
119,Niigata Stock Exchange
120,Singapore Exchange
121,Sapporo Securities Exchange
122,Nagoya Stock Exchange
123,"KRX Korea Exchange, Stock Market"
124,Caisse de Depots et Consignations Paris (gelöscht)
125,Bahrain
126,"MEFF Mercado Espanol Financiero de Futuros, Renta Variable"
127,Meff Barcelona
128,Lehman Brothers London
130,OTC Bulletin Board
132,Societe Generale
133,Amsterdam ASSET
134,L'Echo Bruxelles
135,"ICE Futures U.S. Inc, Electronic Trading"
136,FINANCIAL TIMES (inaktiv)
139,Cdn Daily QS
140,Telstat
142,Hiroshima Stock Exchange
143,Malaysia Stock Exchange
145,Euronext Dublin
146,"Indonesia Stock Exchange, Equities"
147,"B3 S.A., Brasil, Bolsa, Balcao - Future & Future Options"
148,Forex Rates and Precious Metals
149,Forex Calculated Rates
151,Chicago Board of Trade
152,Chicago Mercantile Exchange
153,New York Mercantile Exchange COMEX Division
154,ICE Futures U.S. Inc
155,Kansas City Board of Trade
156,Minneapolis Grain Exchange
157,Mid. American Commodities Exchange (inaktiv)
158,NY Co. Su. C
159,NY Cot. Ex
160,New York Mercantile Exchange (NYMEX)
161,Amman
162,Americ. Comm. Exchange
164,WM Company - closing spots
165,Chemical B (gelöscht)
166,Winnipeg Commodity Exchange
167,Nasdaq Stockholm Derivatives
168,"Nat. West., London (gelöscht)"
169,Midl. Bank London
170,Prague Stock Exchange
171,Bank Leu
172,Einheitliche Devisen
173,N.Y. Futures Exchange (Night Session)
175,Goldoptions
176,"UBS Investment Bank, Commodities and Forex"
177,SVB Zürich
178,"ZKB Zurcher Kantonalbank, Devisen"
179,"Credit Suisse Group, Devisen Zurich"
180,Commerzbank AG (Forex and Bonds)
181,London Futures and Options Exchange FOX
182,"SEAQ INTERNATIONAL, DIV MARKET MAKERS"
183,Wien
184,Vancouver
185,Dhaka
186,Xtrakter London
187,Bratislava Stock Exchange
188,Goldmann Sachs (gelöscht)
189,"MSCI Indices, USD"
190,"UBS Investment Bank, Funds and Bonds"
191,UBS Investment Bank Zürich (gelöscht)
192,UBS Zurich (formely CS Zurich)
194,"Bank of America Merrill Lynch Fixed Income Indices, USD"
195,N.Y. Commodity Exchange (Night Session)
196,Bondpartners
197,ICAP
199,Nomura Zürich (gelöscht)
200,Eidg. Steuerverwaltung
201,CH-Uebrige nicht kotierte Titel
202,"Clariden Leu AG, ZUERICH"
203,Zurcher Kantonalbank Securities Exchange
205,Bank Julius Baer
206,Valiant Bank (inaktiv)
207,"Deutschland, Nicht Kotiert"
209,FRANKREICH NICHT KOTIERT
211,ICE Futures Europe - Equity Products Division
212,London Metal Exchange
213,Budapest Stock Exchange
214,Shenzhen Stock Exchange
215,Shanghai Stock Exchange
216,Karachi
217,Colombo
218,OTC Markets
220,LTCB Zürich
221,Mor. Gua. Zürich
222,"FTSE Indices, London"
223,"Royal Bank of Scotland N.V., Amsterdam"
224,Sumitomo ZRH
225,James Capeo Genf
226,Mizuho Bank (gelöscht)
227,Mits. Ltd / ZRH (gelöscht)
228,Div.Eingeber Zürich
229,Bank J. Safra Sarasin AG
230,Canada
231,New York
232,Frankreich
233,XLIF
234,Chicago Mercantile Exchange (Globex Session)
235,"CME Chicago Mercantile Exchange, GLOBEX Night Session"
236,Chicago Board of Trade (Night Session)
237,Servitia Lux.
238,Contributing
239,Barclays LDN.
240,EUREX Ausl.
241,EUREX
242,Mercato Italiano Futuri (gelöscht)
243,Warsaw Stock Exchange
244,Regelmaessige Kursfeststellung Schweiz
245,Diverse Kursstellungen In / Ausland
246,Unregelmaessige Kursfeststellung Schweiz
247,Unregelmaessige Kursfeststellung aller Laender ausser Schweiz
248,Chicago Board of Trade (Globex Session)
249,Div.Eingeber
250,Glob.Inland
251,Glob.Ausland
252,Telekurs N.KO.
253,Diverse Eingeber
254,No Quotes
255,Prämienerkl.
257,"Turquoise, 1st Listing"
258,Turquoise 2nd Listing
259,INDEC London
260,ORGANISME DE PLACEMENT COLLECTIF EN VALEURS MOBILIERES
261,Kairo
262,Salomon N.Y.
263,J.P.MOR.N.Y.
264,Dow Jones Global Indices
265,"Standard an Poors Emerging Markets Indices, USD"
266,CADE - Mercado de Deuda Publica Anotada
267,EQOS / Wien
268,WESTDEUTSCHE LANDESBANK
269,Comp. Parisienne (gelöscht)
270,Rio Futuros
271,Amsterdam  (inaktiv)
272,"SETSqx, London"
273,KBC FINANCIAL PRODUCTS
275,Prag Blockorder
276,"Prague Stock Exchange, Block Trades"
277,Securities Valuation Company
278,"Hong Kong Stock Exchange, Options"
279,Bratislavia DT
280,Quito
281,Quayaquil
282,"ADB Torino Fondi di Investimenti, Torino"
283,NASDAQ Europe (gelöscht)
284,RM-System Czech Stock Exchange
286,"Stock Exchange of Thailand, Foreign Board"
287,Kuala Lumpur Foreign
288,Jakarta Foreign
289,Singapur Foreign (gelöscht)
290,"Stock Exchange of Thailand, Last Paid"
291,Kuala Lumpur Last Paid
292,Jakarta Last Paid
293,Singapur Last Paid (gelöscht)
294,Ljubljana Stock Exchange (Official Market)
296,Wien Fonds
297,Indonesia Stock Exchange
298,Winnipeg Stock Exchange
299,Cyprus Stock Exchange
300,Termin Hannover
301,"Moscow Exchange, Derivative market (Main Session)"
302,"Warsaw Stock Exchange, Off Exchange"
303,NASDAQ Tallinn
304,Bucharest Stock Exchange
305,Spanish Funds
306,NASDAQ Riga
307,Vilnius SX
308,Bulgarian Stock Exchange
309,Kiev Stock Exchange
310,Dow Jones IND.
311,Tokyo Stock Exchange (ToSTNet-1) Single Stock Exchange
312,Palestine SX
313,Zagreb SX
314,Mazedonian SX
315,St.Petersb. SX
316,Kazakhstan Stock Exchange
317,Inc.Mkt Amsterd
318,THIRD MARKET USA
320,Spad Prag
321,NYSE US Comp
322,CA Comp.Price
323,Frankfurt NM
324,Tokyo Stock Exchange (ToSTNet-2) Closing Price Trading
325,Tokyo Stock Exchange (ToSTNeT-1) Basket Trading
326,National Stock Exchange of India
327,Japan Securities Dealers Association
328,Tunis S.E.
329,Botswana Stock Exchange
330,Ghana Stock Exchange
331,Namibian Stock Exchange
332,Malawi SE
333,Lusaka SE
334,Swaziland SE
335,Abidjan SE
336,Korea Exchange (Futures Market)
337,OBI Mutual Fund Feed
338,MTS Eurbenchm.
339,HEX Derivativ.
340,Kuwait SE
341,Malta SE.
342,NT Fut/Opt
344,Singapore Exchange Derivatives Clearing Limited
345,"Warsaw Stock Exchange, Derivatives"
346,Tokyo Financial Exchange Block Trades
348,Bermuda Stock Exchange Ltd
349,SIX Swiss Exchange USD
350,LSE-Euro
351,SIX Swiss Exchange EUR
352,SIX Swiss Exchange Other Currencies
353,STOXX Indices
354,"finesti, EUR"
355,MERCADO DE BLOQUES MADRID
357,LIFFE auto - Inactiv
358,Korea Exchange (Kosdaq)
359,Sydney Futures Exchange
360,International Securities Exchange
361,London Stock Exchange SETS
362,Tehran Stock Exchange
363,Muscat Stock Exchange
364,EURO MOT MARKET
365,Other OTC Market
366,Tokyo SE - Mothers (inaktiv)
367,virt-x UK (VTL)
368,Mauritius Stock Exchange
369,Nigerian Exchange (NGX) Limited
370,"OMX Nordic Exchange, Iceland Equities"
371,UK Power Exchange (inaktiv)
372,GreTai Securities Exchange
373,Nippon New Market Hercules
374,Cairo Stock Exchange
375,European Energy Stock Exchange (gelöscht)
376,Euro MTS
377,NEWEX
378,Jakarta Negotiated Board
379,Vietnam Stock Exchange
380,SIX Swiss Exchange - Blue Chips Segment
381,virt-x EUR (inaktiv)
382,VIRT-X USD (inaktiv)
383,VIRT-X GBP (inaktiv)
384,virt-x SEK (inaktiv)
385,virt-x NOK (inaktiv)
386,VIRT-X DKK (inaktiv)
387,Virt-X JPY (inaktiv)
388,Athens Exchange S.A. Derivatives Market
390,Tokyo Stock Exchange
391,IBOXX
392,Terzo Mercato Milano
393,Swiss Fund Data AG
394,London Metal Select
395,Jiway London
396,"NYSE Euronext Paris MATIF,Commodity Derivatives"
397,"NYSE Euronext EQF,Currency Derivatives"
398,Euronext / Equities & Indices Derivatives
399,Euronext Paris
400,UBS Luxembourg
401,UBS Frankfurt
402,UBS Invest.Bank
403,Dominion Sec. (gelöscht)
404,Bank Vontobel
405,APP Securities
406,Rabobank A.Dam (gelöscht)
407,Raiffeisen iNAV CHF
408,TK INAV BASE
409,CS Financial Products
410,Citibank Milan
411,Banca Com.It. (gelöscht)
412,"Citigroup Global Markets, CATS OS France"
413,SBC Warburg FFT (gelöscht)
414,UBS Investment Bank London
415,Nomura LTD LDN (gelöscht)
416,"Deka Bank, Investment Service"
417,SGKB St.Galler Kantonalbank
418,Erste Bank Wien
419,GOVPX NEW YORK
420,UBS INT ZH
421,CSFB Fonds
422,LGT Bank
423,Brokers JGB JP -gelöscht-
424,Euro Comm.Fix.
425,Citi Bank ZH (inaktiv)
428,BBA Libor
429,BHF Bank
430,CONTRIBUTORS LUXEMBURG
431,finesti USD
432,CREDIT SUISSE FIRST BOSTON LONDON
433,Finarbit AG
434,Privat Kredit Bank
436,C.Bank Russia (gelöscht)
437,Svenska AB
438,Bque France
439,Aargauische KB
440,Tallinn
441,Bank Croatia
442,Red-stars US (gelöscht)
443,NBK Mazedonia
444,Nat.BK.Polen
445,BK Lithuania
446,Bank of Latvia
447,Notenstein Privatbank AG
449,Kokusai Bk Ldn (gelöscht)
450,HSBC Trinkaus & Burkhardt
451,Red-stars RU (gelöscht)
452,"AIAF, Mercato de Renta Fija"
453,Daiwa Europe
454,Barclays PB (gelöscht)
455,"COMMERZBANK GLOBAL EQUITIES, LONDON"
456,Mercato Interban
457,BK Feder.Eruope.
458,ECB European Central Bank
459,Merrill Lynch ZH (gelöscht)
460,FINANCIAL TIMES DUAL CURRENCY FUNDS (inaktiv)
461,San Paolo Torino (gelöscht)
462,EFG Bank AG
463,Credit Agricole CIB
465,HSBC Securities Edimburgh
466,Berner Kantonalbank OTC-X
467,DEUTSCHE BANK PARIS (gelöscht)
468,Refco Grel Paris (gelöscht)
469,Stoxx Ltd Zürich
470,Union Investment
471,Allianz Global Investors Kapitalanlagegesellschaft mbH
472,Pictet & Cie Genève (gelöscht)
473,Bank Oppenheim
474,Czech National Bank Prag
475,Universal Investment GmbH
476,Börsenmakler Schnigge AG
477,PICTET LUXEMBURG
478,Lombard Odier Darier Hentsch & Cie
479,EXANE
480,UBS Investment Bank Hong Kong (inaktiv)
481,RAB Capital Ltd London
482,CITCO Fund Services Ltd Dublin
483,Morgan Stanley Opals USD
484,"Valartis Bank AG, Pfäffikon SZ"
485,UBS AG Hong Kong Branch
486,Schröder Salomon Smith Barney London (gelöscht)
487,Kneip Comm. Luxemnbourg
488,Standard & Poor's Securities Evaluations
489,Newton London
490,"DWS Investment GmbH, Frankfurt am Main"
491,KNEIP COMMUNICATION LUXEMBOURG (SEV.CURRENCIES)
492,"Morgan Stanley OPAL, GBP"
493,"Citco Fund Services (Europe) BV, Amsterdam"
494,J.P.MORGAN LUXEMBOURG
495,Rabobank in London
496,Focus Bermuda
497,Merrill Lynch in Hong Kong
498,ING Barings London (gelöscht)
499,"Royal Bank of Scotland, Zürich"
500,Berechnung des steuerlichen Wertes von Finanzinstrumenten
501,Emissionskurs fuer nicht kotierte Bonds
502,OFEX  London (inaktiv)
503,Saudi Stock Exchange
504,SIX Swiss Exchange GBP
505,E Nymex Web Trading
506,Nasdaq Stockholm Fixed Income
507,London International Order Book
508,MTS Netherlands
509,MTS Belgium
510,MTS Portugal
511,Swiss Fund Data AG EUR
512,Swiss Fund Data AG USD
513,Swiss Fund Data AG GBP
514,XETRA XXL
515,NYBOT S&P Commodity Index
516,XETRA US STARS
517,Dubai Financial Market
518,Stockholm Stock Exchange (Evening Session - Equities)
519,NASDAQ LIFFE EXCHANGE LONDON (inaktiv)
520,Island ECN USA
521,Euwax
522,Zimbabwe Stock Exchange
523,Dar es Salaam Stock Exchange
524,Uganda Stock Exchange
525,Nepal Stock Exchange
526,Jamaica Stock Exchange
527,MTS France SAS
528,XETRA European Stars
529,"Hang Seng Indices, Hong kong"
530,The International Stock Exchange
531,UTP NYSE American
532,UTP Boston Stock Exchange
533,UTP NYSE National Inc
534,UTP Chicago Stock Exchange
535,UTP NYSE Arca
536,Nasdaq
537,UTP Nasdaq Consolidated
538,Finra Alternative Display Facility (ADF)
539,Euronext - Mercado de Futuros e Opcoes
540,EUREX Bonds
541,Zagreb OTC
542,Malaysia Derivatives Exchange Berhad
543,GreTai Emerging Stock Board
544,UTP NYSE Stock Exchange
547,Qatar Exchange
548,Abu Dhabi Securities Exchange
549,"Moscow Exchange, T+Market Equities and Main Market Bonds"
550,Norway OTC
551,MTS Germany
552,MTS Spain
553,MTS Finland
554,MTS Ireland
556,"SGX Singapore Exchange Ltd, Securities Trading, Buy-In Market"
557,"SGX Singapore Exchange Ltd, Securities Trading, Unit Share M"
558,Financial Industry Regulatory Authority BTDS
561,CME Clearport
562,"Indonesia SE, Cash Market"
563,"Indonesia SE, Immediate"
564,"Moscow Exchange, Index"
565,RTS Classic Market USD
566,MOEX Board (NPRTS)
567,"RTS Classic Market converted into RUB, Moskau"
568,iBoxx EUR
569,iBoxx GBP
571,Nordic Growth Market
573,Trinidad & Tobago Stock Exchange
574,Box Options Exchange
576,JSE Cash Bond Market
578,TSX Venture Exchange - NEX
579,PEX Private Exchange
580,MTS Denmark
582,EUREX REPO
584,"TMX Group Ltd, Toronto Stock Exchange USD"
585,FTSE EUR
586,FTSE LOCAL
587,FTSE USD
588,FTSE JPY
590,"Bolsas y Mercados Argentinos, Sesion Continua de Negociacion"
591,"Bolsas y Mercados Argentinos, Sesion Continua de Negociacion cash"
592,"Bolsas y Mercados Argentinos, Mercado de Concurrencia (Cash)"
593,"CBOE Chicago Board Options Exchange, Futures"
594,"LSE London Stock Exchange, EUROSETS"
597,JSE Equity Derivatives Market
600,Telekurs Test
601,WM Company - intraday spots
603,"DEUTSCHE BANK AG, LONDON"
604,UTP Chicago Board Options Exchange
605,"S & P Saving Bonds, New York"
606,TK INAV LSE ZH
607,TK INAV VTX ZH
609,"CREDIT SUISSE SECURITIES, LONDON (gelöscht)"
610,DIVERSE CONTRIBUTORS BRUSSELS
611,DZ BANK INTERNATIONAL S.A. LUXEMBOURG
612,Citibank in Luxembourg
613,GAM FUND MANAGEMENT DUBLIN
614,"Cannex Financial Exchange Ltd, Toronte"
615,WM Company - closing forwards
616,TK INAV DB
618,Deutsche Bank Off Exchange Trading
619,"Societe Generale (Leveraged Products, Others)"
620,Degussa Bank
622,"J.P. Morgan, London"
623,"Royal Bank of Scotland, London"
624,Fin. Express Prestel
625,"Standard & Poors, Index Services"
628,Convestment Asset Management
630,Bear Stearns Pricing Direct In
634,One Chicago
635,Thomson Reuters/TR Muni Bds
638,Fundcollect A/S
639,Belgian Non-Quoted Titels
640,TLX Milano
641,Benchmark Futures
642,FEU USD
643,FEP EUR
644,"Financial Express Prestel, London CHF"
645,FEP JPY
646,"FEP Financial Express Prestel, Other"
647,Credit Agricole (Suisse) SA
648,Non Listed Nordic Funds
650,Banque Cantonale Vaudoise
652,UK Debt Management Office
653,Euro TLX
655,First State Investments
656,IXIS Corporate and Investment Bank Paris
660,IFIS Japan Limited
661,Bisys Fund Services Ireland Ltd
662,"Deutsche Bank AG, Zurich"
663,ICP London  (inaktiv)
664,Swedish Investment Fund Association
665,Raiffeisen Centrobank AG
666,Liechtensteinische Landesbank
668,"ING Finanial Markets, Amsterdam"
669,"MSCI Indices, Local Currency"
670,VP Bank
671,"VWD Group, Belgium NV"
673,ING Financial Markets
675,BNY Mellon Investment Servicing (International) Ltd
676,"Bank of America Merrill Lynch Fixed Income Indices, Local"
677,"Bourse de Luxembourg, Zusatzwaehrungen"
678,Investment Bank Trust Co
679,"Dexia Privatbank Schweiz, Zürich"
680,"Citigroup Global Markets Limited, Zürich"
681,"Banca IMI, Milano (Inactive)"
683,"BNP Paribas, Zurich"
684,OTC Data Services
685,AIB Fund Management Ltd
686,Brown Brothers Harriman Fund Admin Services (Ire) Ltd
687,"BNP Paribas, Paris"
688,"Man Investments AG, Pfäffikon"
690,"MSCI Indices, EUR"
691,TFS Derivat
692,"Barclays Capitalbank, Zurich"
693,Bundesverband Investment und Assetmanagement E.V.
694,"HSBC PRIVATE BANK FRANCE, PARIS"
695,Hypovereinsbank
697,State Street Bank & Trust Co
698,WM Company - intraday forwards
699,Aquis Stock Exchange
700,ScanRate Financial Systems A/S
701,"VP Vaerdi Papircentralen AS, Nordic Prices"
702,Factset Europe Earnings
703,Sonderkurse Baselland
704,Steuerkurse UBS
705,"finesti, GBP"
706,"finesti, CHF"
707,"finesti, JPY"
708,"finesti, DIV"
715,Nasdaq OMX Europe 2nd Listing
716,Nasdaq OMX Europe
717,"Osaka Exchange, Derivatives Evening Session"
718,"London Stock Exchange, International Trade Reporting Service"
719,"LSE London Stock Exchange, Exchange Traded Funds, Multicurrency"
720,"Philippine Stock Exchange, Big Board"
721,"Philippine Stock Exchange, Odd Lots"
722,"Taiwan Stock Exchange, Odd Lots Trading"
724,"Gretai Securities Market, OTC Price Negociation"
725,"GTSM Electr Bond Trading System, Computer Price Negotiation"
726,"GTSM Electr Bond Trading System, Computer Comparison Trading"
727,"Korea Exchange, Block Trade (K-Blox)"
728,"KRX Korea Exchange, Basket Trade"
729,"KRX Korea Exchange, After-Hour Single-Price Trading"
730,"KOSDAQ, Block Trade (K-Blox)"
731,"KOSDAQ, After-Hour Single-Price Trading"
733,UTP International Securities Exchange
735,NASDAQ OMX Futures Exchange
736,International Securities Exchange Inc (CTA Participant)
737,NYSE-CTA FINRA Alternative Display Facility (ADF)
738,"Deutsche Boerse AG, OTC Trades EUR"
739,"Deutsche Boerse AG, OTC Trades FXR"
740,Nasdaq Helsinki Fixed Income
741,Nasdaq Copenhagen Fixed Income
742,Nasdaq Helsinki Derivatives
743,Nasdaq Copenhagen Derivatives
744,"Boerse Stuttgart AG, OTC Trades EUR"
745,Börse Stuttgart
746,Hanoi Stock Exchange
747,"Irish Stock Exchange, OTC Trades EUR"
748,"Irish Stock Exchange, OTC Trades FXR"
749,"Irish Stock Exchange, OTC Trades GBP"
750,New Connect Market (Order Driven) Boerse Warschau
758,APA Daten Wien Post-Trade EUR
759,APA Daten Wien Post-Trade FRX
760,MTS Austria
761,MTS Greece
762,MTS Poland
763,MTS New Euro MTS Market
764,MTS Cedulas Market
766,Euro Global MTS
768,MTS Quasi Government Bonds
770,"Budapest Stock Exchange, Derivatives"
771,"OPRA Underlying Instruments, Chicago"
773,"Borsa Italiana S.p.A., External Trades"
774,"Borsa Italiana S.p.A., External Trades other currencies"
777,Fair Value Pricing Service
780,Nasdaq OMX PHLX
786,"CBOT Chicago Board of Trade, e-CBOT Promotional"
787,"Chicago Board of Trade, e-CBOT Equities"
788,"CBOT Chicago Board of Trade, e-CBOT Commodities"
789,"CBOT Chicago Board of Trade, e-CBOT Financial"
792,Nasdaq OMX PHLX
793,"National Stock Exchange of India Ltd, Derivatives Trading"
794,UTP TRF NMSK
800,"MERCATO AFFARI, ITALIA TRADING AFTER HOURS"
801,ICE Futures Europe
803,Belgrade Stock Exchange
810,"NYSE Euronext LIFFE, Commodity Derivatives"
812,"SGX Singapore Exchange Ltd, Derivatives Electronic Trading T+1"
814,JASDAQ Off-Hour Fixed Price Transaction
815,JASDAQ Off-Hour Single Issue Transaction
819,Options Pricing Regulatory Authority (OPRA)
820,"Bursa Malaysia Berhad, Buying-In Normal"
821,"Bursa Malaysia Berhad, Buying-In Odd-Lot"
822,Toronto Stock Exchange
823,National Stock Exchange of Australia Limited
824,Nasdaq Dubai
825,Thailand Futures Exchange
826,"Bombay Stock Exchange, Derivatives"
829,"Moscow Interbank Currency Exchange Equities converted into USD, Moskau"
830,DAX Indices
832,Deutsche Boerse AG
837,"National Stock Exchange of India Ltd, Odd Lot Trading Block"
838,"National Stock Exchange of India Ltd, Spot Trading"
839,"National Stock Exchange of India Ltd, Auction"
840,Euronext Expand Oslo
841,Euronext Oslo Bors Alternative Bond Market
842,"CBOT Chicago Board of Trade, CBOT Promotional"
844,"CBOT Chicago Board of Trade, CBOT Commodities"
845,MDX Index Value Service
847,Cboe Europe Equities CXE 1st Listing - MTF
849,iBoxx Indices & Bonds EUR HY
851,BOAT
852,"BOAT, Other Currency"
853,Euronext Oslo Bors Derivatives
855,"Australian Securities Exchange Ltd, Derivatives"
857,MSRB Municipal Securities Rulemaking Board
858,"Bursa Malaysia Berhad, Odd Lot"
859,Tokyo Commodity Exchange
863,Neuer Mkt. Deutschland (gelöscht)
864,Neuer Mkt. Frankfurt (gelöscht)
865,NUOVO MERCATO MILANO
867,"Deutsche Bank AG, Fremdwaehrung 1"
868,"Deutsche Bank AG, Fremdwaehrung 2"
869,Prag Securities Center
870,OTC Data Services Select
871,"ABN AMRO Bank N.V., Breda"
872,Deutsche Zentral-Genossenschaftsbank
873,Euronext European Eq Off-Exchange Traded Reports EUR
874,Nasdaq External Trades Nordic
875,Nasdaq External Trades Nordic other Currencies
876,Oslo Ext TRD
877,Oslo ET CCY
878,Euronext European Eq Off-Exch Traded Reports in FC
879,Borsa Istanbul Futures and Option Market
880,"SIX Swiss Exchange, Structured Products"
881,Boerse Frankfurt Zertifikate AG
882,Chi-X -Off-Exchange Trade
883,Bucharest SE Deal Driven
884,Bucharest SE Quote Driven
885,Budapest Stock Exchange EUR
886,APA Data Budapest SE Post-Trade Foreign currency
887,"Tokyo Stock Exchange, Derivatives"
888,"Osaka Exchange, Derivatives"
891,CBOE Stock Exchange (CTA)
892,"Nasdaq OMX Nordic Exchange, Iceland Fixed Income"
894,Cboe Europe Equities CXE 2nd Listing - MTF
895,Canadian National Stock Exchange
896,BATS Trading Inc.(CTA Participant)
897,UTP BATS Trading Inc.
898,GovPX 3pm
899,BATS Trading Inc
922,"Factset Europe, Estimated Dividends"
999,Unbekannt
1000,"Bulgarian Stock Exchange OTC, BGN"
1005,"NASDAQ OMX Nordic Exchange, Copenhagen Fixed Income OTC"
1006,"NASDAQ OMX Nordic Exchange, Copenhagen Equities OTC"
1007,Fist North Finland
1008,Fist North Finland
1009,"NASDAQ OMX Nordic Exchange, Helsinki Equities OTC"
1010,Nasdaq First North Stockholm Equities
1011,Spotlight Stock Market
1012,"NASDAQ OMX Nordic Exchange, Stockholm Fixed Income OTC"
1013,"NASDAQ OMX Nordic Exchange, Stockholm Fund Units OTC"
1017,Nasdaq First North Riga Equities
1020,NYSE Euronext Arca Europe
1022,BATS Europe 1st Listing
1023,BATS Europe 2nd Listing
1025,Bolsa de Valores de El Salvador S.A. de CV
1027,Ukraine SE
1028,BOL_DummyTradingPlaceBecauseSZKBDidntExportItProperly
1030,"Moscow Interbank Currency Exchange, Futures and Options"
1031,"Moscow Exchange, Negotiated Deals"
1032,Xetra International Market
1033,Irish Stock Exchange Xetra
1035,Dubai Gold and Commodities Exchange DMCC
1036,Deutsche Boerse Prime und Select Bonds
1037,"Warsaw Stock Exchange, Catalyst and Catalyst BondSpot"
1039,"EuroMTS Indices, Fixing"
1040,"London Stock Exchange, Retail Bond Market"
1041,"Dubai Mercantile Exchange, Non Globex"
1042,"NYSE Arca, Traded Bonds"
1043,Financial Industry Regulatory Authority ATDS
1046,BATS Y-Exchange Inc.
1047,UTP BATS Y-Exchange Inc.
1048,Nasdaq
1049,UTP Direct Edge X
1050,Direct Edge X
1051,Direct A CTA
1058,BME Bolsas y Mercados Espanoles - Renta Variable
1059,"Standard & Poors, Indices Base (CME)"
1060,"Standard & Poor's, Indices Complete (CME)"
1062,EDX London
1064,"NYSE Euronext LIFFE, TOPIX Index Futures"
1065,NASDAQ OMX PHLX Indices and Currencies
1069,RussellTick US Indices
1070,Euronext London
1071,NYSE Euronext Bclear
1073,"KOSDAQ, Basket Trade"
1074,"KOSDAQ, Block Trade (A-Blox)"
1075,"Korea Exchange, Block Trade (A-Blox)"
1076,"Standard & Poor's, Indices Fee Waived (CME)"
1078,"NYSE Euronext, Bondmatch"
1079,Bucharest SE CAN-ATS Deal Driven
1080,Bucharest SE CAN-ATS Order Driven
1082,TradingScreen Galaxy
1083,NYSE Euronext Global Index
1085,"BOAT, other currency 2nd Listing"
1089,"RTS Russian Trading System, Standard Market Evening Trade"
1090,"Moscow Exchange, Derivative market (Evening Session)"
1094,Charlemagne Capital (UK) Limited
1107,Mirae Asset Global Investments (HK) Limited
1109,"Ukrainian Exchange, Derivative"
1115,Bourse de Luxembourg un-regulated
1117,PFTS Stock Exchange Realtime
1118,SG SI
1119,The Stock Exchange of Thailand - Odd Lot
1123,Address Trades of Derivative market (Evening Session)
1124,Address Trades of Derivative market (Main Session)
1128,S&P/TSX Indices Components
1129,Singapore Exchange Securities Dual Currency Listing
1130,Cardif BNP Paribas Assurance
1131,Singapore Exchange
1132,Singapore Exchange Securities Dual Currency Buy In Market
1133,"Hong Kong Futures Exchange, After-Hours Trading T+1"
1134,"Warsaw Stock Exchange, BondSpot TBS Poland"
1135,NASDAQ GIDS Global Index Data Service
1137,OeKB Oesterreichische Kontrollbank AG - AGS Currency 1
1138,Latibex
1139,Bolsas y Mercados Espanoles - Warrants
1140,OeKB Oesterreichische Kontrollbank AG - AGS Currency 2
1141,OeKB Oesterreichische Kontrollbank AG - AGS Currency 3
1142,Equity Mid Market MTF
1143,Stock Exchange of Hong Kong-Odd Lot
1144,"NSE of India Ltd, Inter-Foreign-Institutional Investment"
1145,"NSE of India Ltd,Odd Lot Trading(Limited Physical Market"
1146,Shanghai Stock Exchange - CSI Bond Valuation
1147,Shanghai Stock Exchange
1148,"NSE of India Ltd, Qualified Foreign Investor Market"
1149,Euronext
1153,TOM MTF CASH MARKETS
1154,TOM MTF DERIVATIVES MARKET
1155,Swiss Bilateral Trading Platform for Structured OTC Products
1156,"CBOE Futures Exchange, Indices"
1158,"Moscow Exchange, Repo Market"
1168,"Moscow Exchange, Odd Lot"
1170,OTC TRADES RUB (Manual Trade Reports)
1173,RTS OTC TRADES
1174,"BX Swiss AG, BX Sponsored"
1175,"BX Swiss AG, BX Sponsored EUR"
1176,"BX Swiss AG, BX Sponsored USD"
1178,"NASDAQ Basic, NASDAQ Listed Issues"
1179,"NASDAQ Basic, NYSE Listed Issues"
1180,"NASDAQ Basic, NYSE Arca Listed Issues"
1181,"NASDAQ Basic, NYSE MKT Listed Issues"
1182,"NASDAQ Basic, BATS Listed Issues"
1184,BX Swiss AG - BX World OTC
1185,"Bursa Malaysia Berhad, Negotiate / DBT"
1186,BZ BANK ZUERICH
1190,UBS WARBURG
1192,CS Zurich 2nd Listing
1193,"UBS AG, End User Services"
1194,MERRILL LYNCH ZUERICH
1196,BANK VONTOBEL AG IN ZUERICH
1197,Coutts Bank von Ernst
1202,BANK LEU AG ZUERICH (inaktiv)
1204,"ABN AMRO BANK N.V., ZUERICH (inaktiv)"
1205,JULIUS BAER ZUEICH  (inaktiv)
1207,GUYERZELLER BANK SA
1208,JEFFERIES (SWI) LTD
1215,RUEDIGER BLASS ZUERICH
1216,Bank Gutenberg AG
1229,ZKB ZUERICH (inaktiv)
1233,MORGAN STANLEY LON (inaktiv)
1242,InCore Bank AG
1250,BANK AM BELLEVUE ZUERICH
1258,CANTRADE PRIVATBANK ZUERICH
1261,BANK SALOMON OPPENHEIM ZH (inaktiv)
1264,"Calyon Capital Markets Divsion, Paris"
1270,Anlagestiftung AWI
1271,LIECHTENSTEINER LANDESBANK (gelöscht)
1275,"EPS AG, ZUERICH (inaktiv)"
1277,"BANK VONTOBEL, ZH"
1278,"LGT-BANK IN LIECHTENSTEIN, VADUZ (inaktiv)"
1279,"RABO ROBECO BANK, ZUERICH"
1283,BANK J. VONTOBEL IN ZUERICH
1284,IST Investmentstiftung fuer Personalvorsorge
1288,"Lienhardt & Partner, Privatbank"
1292,"MERRIL LYNCH CM, ZUERICH (gelöscht)"
1296,CLARIDEN BANK ZH
1302,"OZ BANKERS AG, ZUERIC  (inaktiv)"
1303,SCHRODER BANK AG ZH
1304,BIENE BANK IM RHEINTAL
1305,Swissfirst Bank in Vaduz
1306,INTERREGIO BANK MENZIKEN
1310,Nasdaq Stockholm Equities NOK
1312,"Nasdaq First North Stockholm, Fixed Income"
1315,Nasdaq Stockholm Fixed Income Retail Market
1317,Swedbank AB
1325,"Moscow Exchange, Negotiated deals with CCP"
1326,"RTS OTC TRADES, percent"
1327,Deutsche Boerse Post Trade
1329,Solactive AG
1330,Gettex - Market Maker Munich
1331,"ICE Futures Europe - LIFFE, Financial Products"
1332,Stock Exchange of Hong Kong Limited - Shanghai
1333,Stock Exchange of HK - SHG - HK Stock Connect Odd Lot
1334,Shanghai Stock Exchange - Hong Kong Stock Connect
1335,Bucharest Stock Exchange Odd Lot
1338,"Singapore Exchange Ltd, DT Foreign, Exchange Futures"
1339,"Singapore Exchange Ltd, DT Foreign, Exchange Futures T+1"
1340,SIX CH Repo Market
1341,AQUIS Exchange Alternate Currencies
1342,New Zealand Stock Exchange - Non Commodity Derivatives
1343,NYSE-CTA Investors Exchange LLC
1344,NASDAQ-UTP Investors Exchange LLC
1346,Shanghai Stock Exchange Level 1
1347,"NorthboundL1"" ""Shanghai Stock Exchange - HK Stock Connect L1"
1348,"Borsa Italiana Equity MTF, Global Equity Market"
1349,JSE Johannesburg Stock Exchange End of Day
1351,Cboe Europe Equities BXE 1st Listing - Regulated Market
1352,Cboe Europe Equities BXE 2nd Listing - Regulated Market
1353,Cboe Europe Equities CXE 1st Listing - Regulated Market
1354,Cboe Europe Equities CXE 2nd Listing - Regulated Market
1355,"SIX Swiss Exchange, SwissAtMid"
1356,SIX Liq Exchang
1357,"SIX Swiss Exchange, SwissAtMid, Other Currencies"
1358,Stock Exchange of Hong Kong Ltd - SZN - HK Stock Connect
1361,Budapest Stock Exchange MTF Market
1363,TRADEcho
1364,TRADEcho 2nd Currency
1365,TRADEcho 3rd Currency
1366,Euronext Paris
1368,"ICE Data Global Index, APAC"
1369,"Bolsa de Comercio de Santiago, USD"
1382,"Trax APA Pre Trade Rep. All SI, Curr. Other"
1383,"Trax APA Pre Trade Rep. All SI, Curr. EUR"
1384,"Trax APA Post Trade Derivatives, Curr. Other"
1385,"Trax APA Post Trade Derivatives, Curr. EUR"
1387,"Trax APA Post Trade Rep. B & SP, Curr. Other"
1388,"Trax APA Post Trade Rep. B & SP, Curr. EUR"
1389,"Trax APA Post Trade Rep. E & E, Curr. Other"
1390,"Trax APA Post Trade Rep. E & E, Curr. EUR"
1392,Tradegate - Post Trade
1394,Xetra - Post Trade
1395,Boerse Frankfurt - Post Trade
1396,Euronext Dublin
1500,"RAIFFEISENBANK, ST. GALLEN"
1501,WEGELIN & CO. (inaktiv)
1520,"Irish Stock Exchange OTC, Currency Other"
1521,"Irish Stock Exchange OTC, Currency GBP"
1522,"Irish Stock Exchange OTC, Currency EUR"
1523,Vienna Exchange AG Third Market (MTF)
1527,"Turquoise Lit Auctions, 2nd Listing"
1528,"Turquoise Plato, 1st Listing"
1529,"Turquoise Plato, 2nd Listing"
1531,JSE Derivatives
1532,Euronext
1533,Euronext
1534,Euronext
1535,Euronext
1536,Euronext
1539,Boerse Berlin Equiduct Trading - Regulierter Markt VBBO
1540,Boerse Berlin Equiduct Trading - Berlin second Regulated Mkt VBBO
1541,Boerse Berlin Equiduct Trading - Freiverkehr VBBO
1542,Boerse Berlin Equiduct Trading - 2nd Listing VBBO
1543,Cboe Europe Equities CXE 3rd Listing - MTF
1544,Cboe Europe Equities CXE 4th Listing - MTF
1545,Cboe Europe Equities CXE 5th Listing - MTF
1546,Cboe Europe Equities CXE 6th Listing - MTF
1547,Cboe Europe Equities BXE 3rd Listing - MTF
1548,Cboe Europe Equities BXE 4th Listing - MTF
1549,Cboe Europe Equities BXE 5th Listing - MTF
1550,Cboe Europe Equities BXE 6th Listing - MTF
1552,"Cboe Data Services LLC, FTSE"
1553,"Cboe Data Services LLC, INAV"
1554,APA Wien
1555,APA Wien
1556,Budapest SE
1557,Budapest SE
1558,Budapest SE
1559,"SIX Swiss Exchange - EBBO Book, Other Currencies"
1560,Aquis SAS
1565,"Turquoise Europe, 1st Listing"
1566,"Turquoise Europe, 2nd Listing"
1567,"Turquoise Europe LIT Auctions, 2nd Listing"
1568,"Turquoise Plato Europe, 1st Listing"
1569,"Turquoise Plato Europe, 2nd Listing"
1570,"Turquoise Nylon Europe, 2nd Listing"
1571,"Turquoise Europe LIT Auctions, 1st Listing"
1572,"Turquoise Nylon Europe, 1st Listing"
1573,Cboe Europe Equities DXE 1st Listing - MTF
1574,Cboe Europe Equities DXE 2nd Listing - MTF
1575,Cboe Europe Equities DXE 3rd Listing - MTF
1576,Cboe Europe Equities DXE 4th Listing - MTF
1577,Cboe Europe Equities DXE 1st Listing - Regulated Market
1578,Cboe Europe Equities DXE 2nd Listing - Regulated Market
1580,"Osaka Exchange, Derivatives 24h Delay"
1581,Cboe Europe Equities DXE 5th Listing - MTF
1582,Cboe Europe Equities DXE 6th Listing - MTF
1583,BLK DKK EU
1584,BLK SEK EU
1585,BLK GBP EU
1586,BLK CHF EU
1587,BLK OTH EU
1588,"Nasdaq-UTP Long-term Stock Exchange, INC."
1589,Moscow Exchange
1590,London Stock Exchange Domestic/UK Market 3rd Currency
1592,Bolsa de Mercados Espanoles (BME) - Equities Retail Quotes
1593,Bolsa de Mercados Espanoles (BME) - FX Futures
1594,Euronext Paris
1595,"Nasdaq-UTP Members Exchange, LLC"
1596,"Nasdaq-UTP MIAX Pearl Exchange, LLC"
1597,Euronext Brussels
1598,Euronext Lisbon
1599,Euronex Amsterdam
1600,OSLO SE IND
1601,OSLO AXESS
1602,CBOE Europe - CXE Order Books
1603,Oslo SE ASA
1604,Oslo SE ASA
1623,SIX Swiss Exchange - ETF QOD GBP
1624,SIX Swiss Exchange - ETF QOD USD
1625,SIX Swiss Exchange - ETF QOD Other Currencies
1626,SIX Swiss Exchange - ETF QOD EUR
1628,OPRA Delayed
1629,Nasdaq
1630,Nasdaq
1635,CBOE CANADA - NEO-L (MARKET BY ORDER) USD
1636,NEO EXCHANGE - NEO Special Settlement Terms
1638,NEO EXCHANGE - NEO Crossing Facility
1641,Nasdaq
1642,Nasdaq
1643,Nasdaq
1644,Nasdaq
1645,Nasdaq
1646,Nasdaq
1647,Nasdaq
1648,Nasdaq
1649,Nasdaq
1652,Nasdaq
1703,Xetra ETFs & ETPs
1704,Xetra ETF & ETP 2nd Currency
1708,Deutsche Boerse Xetra ETP
1709,Deutsche Boerse Xetra ETP 2nd Currency
1714,"Bursa Malaysia Berhad, SFTS"
1715,Boerse Stuttgart LPX Indices
1730,"Chicago Board of Trade, Equities Historical"
1731,"Chicago Board of Trade, Commodities Historical"
1733,"New York Mercantile Exchange, Historical"
1735,"Commodity Exchange, Historical"
1738,"Chicago Mercantile Exchange, Globex Historical"
1739,"Chicago Mercantile Exchange, Globex Night Session Historical"
1743,"ICE Futures U.S., Digital Asset Futures"
1746,Frankfurt ETFs & ETPs
1747,Hong Kong Stock Exchange Odd Lot Dual Counter (USD)
1748,Hong Kong Stock Exchange Dual Counter (USD)
1749,Hong Kong Stock Exchange Odd Lot Dual Counter (RMB)
1750,Hong Kong Stock Exchange Dual Counter (RMB)
1752,Eqt MBL XETR
1753,Eqt MBL XLON
1754,Eqt MBL XPAR
1755,BOERSE BERLIN EQUIDUCT TRADING - MBL - ETFP
1756,Eqt MBL XAMS
1757,Eqt MBL XSTO
1758,Eqt MBL XMAD
1759,Eqt MBL XLIS
1760,Eqt MBL MTAH
1761,Eqt MBL XBRU
1762,Eqt MBL MTAA
1763,Eqt MBL XHEL
1764,Eqt MBL XCSE
1765,Eqt MBL XOSL
1769,Aquis Exchange 3rd Listing
1770,Aquis Exchange 4th Listing
1771,Aquis Exchange 5th Listing
1774,"Turquoise Europe, 3rd Listing"
1777,"BX Swiss AG, BX Sponsored other CCY"
2000,European Savings Tax Directive Data CH
2001,European Savings Tax Directive Data EU
2002,European Savings Tax Directive Data AT
2011,European Savings Tax Directive Data BE
2020,Consolidated Fund Values Global
2021,Consolidated Fund Values EEA
2193,UBS Investment Bank Zürich (inaktiv)
2253,Regiobank Solothurn
2280,Basler Kantonalbank
2282,"SARASIN BANK, BASEL (inaktiv)"
2288,"SCHWYZER KANTONALBANK, SCHWYZ"
2289,LKB Luzerner Kantonalbank
2292,LUZERNER REGIOBANK (inaktiv)
2293,"ZUGER KANTONALBANK, ZUG"
2294,CREINVEST ZUG
2305,"NEUE AARGAUER BANK, AARAU"
2306,"AARGAUISCHE KANTONALBANK, AARA (inaktiv)"
2307,TRIBA PARTNER BANK TRIENGEN
2309,"FIDFUND Management SA, St.Ceruge"
2404,AIG Fund Management Switzerland Ltd
2601,BNY Mellon Asset Management Intl Ltd
2602,"OEKB Oesterreichische Kontrollbank AG, Public Fonds"
2604,"Threadneedle Investments, Other Currency"
2605,Northern Trust
2606,M & G International Invetstments Ltd
2608,"State Street International (Ireland) Ltd, USD"
2609,Invesco Global Asset Management Ltd
2610,Bank Audi Sal.
2612,Tullett Prebon Information Ltd
2613,"Lehman Brothers International Europe, London"
2614,JPMorgan Asset Management (Ireland) Ltd
2615,Fidelity Investment Services Ltd
2616,"Vaerdi Papircentralen AS, DK-2630 Taastrup Danmark (inaktiv)"
2621,Frank Russell Company
2622,Landesbank Baden-Wuerttemberg
2624,"JP Morgan, Government Bonds Indices EMBI"
2627,Taiwan Mutual Funds
2631,"Bank of New York, London"
2632,Capita Financial Group
2636,Aviva Investors Life & Penions UK Ltd
2638,Martin Currie Investment Management Ltd
2639,"UBS Global Asset Management, London"
2640,HSBC Bank in London
2641,Westdeutsche Genossenschafts-Zentralbank
2646,"First State Investments, GBP"
2648,JP Morgan Worldwide Securities Services
2651,Black Rock Investment Management (UK)
2652,BNP Paribas Securities Services in Glasgow
2654,"Citigroup Global Markets Ltd, Edinburgh"
2655,Franklin Templeton Investment Management
2662,"Standard & Poors, Indices EUR"
2663,"Standard & Poors, Indices JPY"
2664,"Standard & Poors, Indices GBP"
2665,"Standard & Poors, Indices CAD"
2666,Northern Trust Securities (Ire) Ltd
2667,"Hansainvest, Hanseatische Investment GmbH"
2668,Diverse Funds
2670,"Wellsafe AG, Zuerich (inaktiv)"
2671,Landesbank Berlin Holding AG
2672,SEB Invest GmbH
2673,Frankfurt-Trust Investment-Gesellschaft GmbH
2675,Gerling Investment Kapital-Anlagegesellschaft GmbH
2676,Pioneer Investment Kapital-Anlagegesellschaft GmbH
2677,INKA Internationale Kapital-Anlagegesellschaft GmbH
2678,Metzler Investment GmbH
2680,"Warburg Invest, Kapital-Anlagegesellschaft GmbH"
2681,Norddeutsche Investment-Gesellschaft GmbH
2682,"UBS Invest, Kapital-Anlagegesellschaft GmbH"
2685,"Tradition, Securities & Futures"
2686,Tradition SA
2687,GXG Markets AS
2690,Swiss Finance & Property Corporation
2691,"Vorarlberger Volksbank GmbH, Rankweil Österreich"
2692,Diapason Commodities Management
2699,Garantum Fondkommission AB
2700,NASDAQ OMX Group Helsinki
2701,Citigroup Global Markets Ltd in Dublin
2702,Credit Suisse in Guernsey
2703,State Street Bank GmbH
2704,"Threadneedle Investments, GBP"
2706,"Dow Jones Indices, Local Currency"
2708,"ETF Securities, USD"
2711,Northern Trust International Fund Admin Serv (Ire)
2712,HSBC Securities Services (Ireland) Ltd
2714,"Morgan Stanley Investment Management, Funds JPY"
2715,"Morgan Stanley Investment Management, Funds GBP"
2716,"Morgan Stanley Investment Management, Funds EUR"
2717,"Morgan Stanley Investment Management, Funds USD"
2718,"State Street International (Ireland) Ltd, EUR"
2719,"State Street International (Ireland) Ltd, GBP"
2720,"SSJ State Street International (Ireland) Ltd, other CCY"
2724,"JP Morgan, Asset Management"
2729,Friends Provident
2730,"Merrill Lynch Europe Plc, London"
2731,"Funds Fast UK, USD"
2732,"Funds Fast UK, EUR"
2733,"Funds Fast UK, GBP"
2734,"Funds Fast UK, Other Currencies"
2735,Citigroup Global Markets Ltd
2738,"Goldman Sachs International, Frankfurt am Main"
2741,"State Street International Ltd, GBP"
2742,Royal Bank of Scotland
2743,"TMF Fundadministrators BV, SSG Group"
2744,Bank of England
2746,"State Street International Ltd, EUR"
2760,Standard & Poor's Global Equity Indices LOC
2761,RBC Dexia Investor Services Ireland Ltd
2762,"ETF Securities, EUR"
2764,Nomura International Ltd in London
2765,"Standard & Poor's, Indices AUD"
2768,UBS Investment Bank in London
2771,NASDAQ OMX Nordic Markets Helsinki
2773,"International Index Company Ltd, iBoxx Indices & Bonds EUR"
2774,"International Index Company Ltd, iBoxx Indices & Bonds GBP"
2775,"International Index Company Ltd, iBoxx Indices & Bonds USD"
2776,"International Index Company Ltd, iBoxx Indices & Bonds Asia"
2777,"International Index Company Ltd, iBoxx Indices & Bonds Inflation"
2779,Tradegate Exchange GmbH
2780,BlackRock Asset Management Deutschland AG
2781,"MSCI Indices, JPY"
2782,"MSCI Indices, CHF"
2783,"MSCI Indices, GBP"
2784,Jefferies International Limited
2785,Goldman Sachs International
2787,BDO Simpson Xavier
2790,Zacks Investment Research Inc
2791,Standard & Poors Global Indices (Const. Prices local Currency)
2792,London Bullion Market Association
2794,CACEIS Bank
2795,Boerse Berlin Equiduct Trading 1st Listing
2796,Schroder Investment Management Ltd
2800,Credit Suisse Securities (USA) LLC
2801,Alliance Bernstein Ltd
2802,HSBC Securities Services (Guernsey) Ltd
2804,ING Investment Management Italia SIM
2805,Citco Fund Services (Dublin) Limited
2808,"Zacks Investment Research Inc, for Canada"
2810,IFM Independent Fund Management AG
2822,MUFG Alternative Fund Services(Cayman)Limited
2827,Odey Asset Management LLP
2830,Close Fund Services Ltd
2832,PricingDirect Inc - Adjustable Rate Mortgages
2833,Bear Stearns Pricing Direct Inc- Collateralized Mortgage Obl.
2834,Bear Stearns Pricing Direct Inc- Asset Backed Securities
2837,BNP Paribas Hong Kong
2838,Citigroup Investment Bank Ltd
2839,Deutsche Securities Asia Ltd
2841,HSBC - X Hong Kong
2842,Morgan Stanley
2845,Goldman Sachs Asia LLC
2847,Barclays Capital Global Services Singapore
2848,Standard Chartered Bank
2849,UBS Singapore Branch
2854,Bucharest National Bank
2856,Garmignac Gestion SA
2859,Prometeo Investment Services
2860,TK USA Automated Pricing
2864,"MSCI Real Time Indices, Local Currency"
2868,American Express Asset Management Luxembourg SA EUR
2869,American Express Asset Mgmt Luxembourg SA GBP
2870,European Fund Administration Luxembourg
2871,UBS Fund Services (Luxembourg) SA
2872,Bank of New York (Luxembourg) S.A.
2873,AXA Investment Managers Italia SGR Spa
2874,BNP Paribas Fund Services Luxembourg
2876,Svenska Handelsbanken AB
2877,Brown Brothers Harriman (Luxembourg) S.C.A.
2878,BNP Paribas Asset Management EUR
2879,BNP Paribas Asset Management USD
2880,BNP Paribas Asset Management Other CCY
2881,Soc Gen Ireland EUR
2883,Soc Gen Ireland USD
2884,WestLB Mellon Asset Management (Lux) S.A.
2885,Banque SYZ & Co SA
2887,Bank of New York (Luxembourg) SA USD
2888,Bank of New York (Luxembourg) SA GBP
2889,Bank of New York (Luxembourg) SA other CCY
2890,JPMorgan Asset Management (Europe) Sarl
2891,Boerse Berlin Equiduct Trading 2nd
2892,Citigroup Index LLC USD
2893,Citigroup Index LLC EUR
2895,Citigroup Index LLC JPY
2896,Citigroup Index LLC GBP
2899,DWS Investment GmbH
2900,Dresdner Bank AG
2901,Credit Suisse Asset Management Funds
2902,JP Morgan Bank Luxembourg SA Funds
2903,Citigroup Index LLC Components
2906,HSBC Securities Services (Luxembourg) SA
2912,Comgest Asset Management Limited
2913,LANG & SCHWARZ Tradecenter AG & Co.KG
2914,M&G International Investments Ltd
2915,OeKB Oesterreichische Kontrollbank AG
2917,CACEIS Ireland Ltd
2933,Dow Jones Indexes in AUD
2939,Ashmore Investment Management Ltd.
2940,UBS AG S&P File
2942,RBC Capital Markets
2943,Morgan St ML
2944,Investec Asset Management
2948,Orbis Investment Management
2954,Frank Russell Company-Russell Global Indices Components Pricing
2961,Morgan Stanley Frankfurt
2966,"Standard & Poors, Global Equity Indices EUR"
2976,Cayman Islands Stock Exchange
2977,ICAP PLC London
2979,"Icap London, Forex"
2985,Robeco Deutschland
2986,CSV Incorporated
2987,Frank Russell Company - Russell Domestic Sector Indices USD
2988,Frank Russell Company - Russell Domestic Components
2989,Frank Russell Company - Russell Microcap Components
2993,EuroPerformance - SIX Telekurs
3005,Investment Research Finland
3006,"ValuePrice AG, Klasse 1"
3007,"ValuePrice AG, Klasse 2"
3012,"BNP Paribas, London"
3013,"Hedge Fund Research, Inc."
3015,Openbare Veiling-Vente Publique
3016,"Hedge Fund Research, Inc. CHF"
3017,"Hedge Fund Research, Inc. EUR"
3018,"Hedge Fund Research, Inc. GBP"
3019,"Hedge Fund Research, Inc. JPY"
3026,Pioneer Global Investments Ltd
3027,Swiss Financial Services (Ireland) Ltd
3028,"Bank of Ireland Securities Services, I-Shares USD"
3029,"Bank of Ireland Securities Services, I-Shares GBP"
3030,"Bank of Ireland Securities Services, I-Shares CHF"
3031,"Bank of Ireland Securities Services, I-Shares EUR"
3033,Source UK Services Ltd
3036,STK EP - Basic - Other Securities
3038,DekaBank Deutsche Girozentrale
3040,FTSE Batch EUR
3044,FTSE Batch GBP
3050,NORD/LB Kapitalanlagegesellschaft AG
3052,Gesmosa Ahorro Corporacion
3053,Corretaje e Informacion Monetaria y de Divisas
3057,Jersey SE
3058,Central Bank of the Republic of Turkey
3059,BNY Mellon Global Funds PLC
3061,Nordea Bank AB
3062,Citigroup Global Markets Ltd (Realtime)
3063,HSBC Private Bank (Realtime)
3064,Banke Online
3066,"Deutsche Bank AG Bonds, London"
3069,Danske Bank
3077,Ahead Wealth Solutions AG
3078,"State Street Bank Luxembourg, Funds Fast"
3086,Stenham Asset Management
3087,"Societe Generale, EUR"
3088,"Societe Generale, USD"
3089,F2C Sarl
3093,Den Norske Bank
3097,"BNP Paribas Securities Services S.A., Brussels EUR"
3099,"BNP Paribas Securities Services S.A., Brussels USD"
3101,"BNP Paribas Securities Services S.A., Brussels SEK"
3102,"BNP Paribas Securities Services S.A., Brussels NOK"
3103,"BNP Paribas Securities Services S.A., Brussels DIV"
3106,"Societe Generale (Leveraged Products, Others) ES Market"
3108,"Societe Generale (Leveraged Products, Others) FR Market"
3109,"Societe Generale (Leveraged Products, Others) NL Market"
3110,"Societe Generale (Leveraged Products, Others) PT Market"
3112,"Societe Generale (Leveraged Products, Others) UK Market"
3114,"Societe Generale (Leveraged Products, Others) CH Market"
3115,Societe Generale German Equities
3116,"Societe Generale (Leveraged Products, Others) Swiss Equities"
3119,European and Global Investments Ltd
3120,Different Sources Malta
3126,Skandinaviska Enskilda Banken
3127,Nikkei Inc.
3128,RWC Partners Limited
3129,Kleinwort Benson (Guernsey) Fund Services Limited
3131,Quintillion Ltd
3133,Commerzbank AG (Exchange Traded Funds)
3135,Quote MTF Ltd.
3141,Commerzbank International S.A.
3144,Alceda Fund Management S.A.
3145,Aspect Capital Limited
3149,"LGT Capital Partners Limited, Ireland"
3152,Apex Fund Services (Ireland) Ltd.
3153,Aurum Funds Limited
3155,ING DE Market
3156,Augeos s.r.l.
3161,"Barclays Capital, Treasury Prices"
3162,Renaissance Asset Managers
3163,CanDeal
3165,"Structured Products, France"
3166,GAM Investment Management (Switzerland) Ltd
3173,EPS - Basic Government & Corporate Securities
3174,EPS - Emerging Market & High Yield Securities
3175,EPS - Distressed or Defaulted Securities
3177,EPS - Mortgage Backed Securities
3179,EPS - Structured Linked Products
3180,EPS - Hybrids Products
3182,"Markit Indices Ltd, iBoxx Bonds USD"
3183,"Markit Indices Ltd, iBoxx Bonds EUR HY"
3184,"Markit Indices Ltd, iBoxx Bonds Inflation"
3185,"Markit Indices Ltd, iBoxx Bonds EUR"
3186,"Markit Indices Ltd, iBoxx Bonds GBP"
3187,"Markit Indices Ltd, iBoxx Bonds Asia"
3188,MSCI Swiss Module
3189,KEPLER CAPITAL MARKETS
3198,Societe Generale Bank & Trust
3199,Deutsche Bank AG French Market
3202,WM Datenservice EUR
3203,WM Datenservice USD
3205,WM Datenservice other currencies 1
3206,WM Datenservice other currencies 2
3207,WM Datenservice other currencies 3
3211,Tullett Prebon Information - FX Volatilities
3215,Tullett Prebon Information - Spot & Forward FX
3216,Tullett Prebon Information - Fixed Income
3219,Monetary Authority of Singapore
3221,Value Partners Hong Kong Ltd
3222,JPMorgan Securities Japan Co Ltd
3224,HSBC Securities Services - Asia
3225,First State Investments (Singapore)
3230,EuroPerformance EUR
3231,EuroPerformance USD
3232,EuroPerformance GBP
3233,EuroPerformance CHF
3234,EuroPerformance JPY
3235,EuroPerformance Others currencies
3236,Royal Bank of Canada Capital Markets
3237,Schroder Investment Management Asia
3242,Boost ETP LLP
3245,PricingDirect Inc - Collateralized Loan Obligations
3250,ICAP Plc Foreign Exchange
3252,ICAP Plc Fixed Income
3265,"MSCI Real Time Indices, EUR"
3268,FIDA Finanza Dati Analisi Sri
3270,Deutsche Boerse AG XETRA ETF OTC Trades
3273,Trivest Advisors Ltd
3276,PricingDirect Inc - SBA
3278,PricingDirect Inc - Emerging Market
3286,SFI/Markit iNAV Calculation Global/W.Europe
3287,SFI/Markit iNAV Calculation APAG/EMEA
3288,SFI/Markit iNAV Calculation USA/SA
3290,Other Instruments Central & Eastern Europe
3291,"MSCI Hedged Indices, EUR"
3292,"MSCI Hedged Indices, USD"
3293,Kempen & Co N.V.
3294,SFI/Markit iNAV Calculation Constituents
3298,Australia Funds Contributors
3300,Thailand Funds Contributors
3302,Euronext Cash Markets and Indices - Second Reference Place
3304,European Money Markets Institute
3313,"Morningstar Inc, NAVs & Performance Figures, Belgium, Netherlands"
3314,Swiss Fund Data AG Other Currencies
3319,Baader Bank Aktiengesellschaft
3320,Bloomberg Indexes
3324,"Bloomberg Indexes, Local Currency"
3333,ETF Securities GBP
3335,ICE Benchmark Administration Limited (IBA) LIBOR
3338,Louvre Groupe Limited
3341,Leonteq Securities AG
3345,DEUTSCHE BANK ZUERICH (inaktiv)
3347,"DARIER HENTSCH, GENF (inaktiv)"
3357,VALCOURT SA GENEVE
3359,"LLOYDS BANK, GENEVE"
3360,"LOMBARD ODIER, GENF (inaktiv)"
3362,"DEUTSCHE BANK, GENEVE"
3364,SYNCHRONY GENEVE
3408,Banco Bilbao Vizcaya Argentaria S.A.
3412,Accuro Fund Solutions AG
3413,Banque Heritage
3417,acrevis Bank AG
3419,SFI/Markit Fair Value prices
3420,"WM Company, Tokyo Fix Spot Rates"
3427,Mergent Inc
3428,Commerzbank sonstiges
3436,Helvetische Bank AG
3451,EP SmartTrade - Structured Linked Products
3452,"Standard & Poors, Domestic Indices (Const.Prices)"
3464,Amundi Asset Management Luxembourg
3495,Boerse Stuttgart cats GmbH
3517,Cboe Europe UK Index Series
3519,CIBC World Markets PLC
3520,F2C Capital Group UK
3527,APAC Contributor Pricing
3528,APAC Contributor Pricing Secondary Currency
3531,"CME Group, Premium FX"
3532,"CME Group, Cryptocurrencies"
3535,Factset Europe (ING DiBA)
3536,LME Fixings
3537,ICE Benchmark Administration Limited (IBA) ICE Silver Fixings
3538,ICE Benchmark Administration Limited (IBA)ICE Gold Fixings
3541,"Swiss National Bank, Rates"
3549,CBSX
3552,Threadneedle Luxemburg Funds
3557,"S&P US Index, USD"
3558,"S&P US Index, EUR"
3559,"S&P US Index, JPY"
3560,"S&P US Index, CAD"
3561,"S&P US Index, GBP"
3562,"S&P US Index, AUD"
3594,"S&P Global BMI, EUR"
3595,"S&P Global BMI, LCL"
3596,"S&P Global BMI, USD"
3618,S&P Global 1200 Const.Prices Local
3619,CPOR Devises
3631,JP Morgan Frankfurt
3637,NN Investment Partners
3639,FactSet Europe (Stroer)
3640,UBS Singapore Branch (External)
3641,UBS Singapore Branch (Internal)
3642,"Dow Jones Average, USD"
3648,Swiss Bond Index Constituents
3652,Finra B 144A
3653,Funds Calculation CHF
3654,Funds Calculation EUR
3655,Funds Calculation USD
3656,Funds Calculation GBP
3657,Funds Calculation YEN
3658,Funds Calculation other currencies
3659,Invesco
3662,ARIVA.DE Indications FX
3693,"FTSE Fixed Income Indices, Components - Europe, ME and Africa"
3694,FFI Com APAC
3695,"FTSE Fixed Income Indices, Components - Americas"
3696,"FTSE Fixed Income Indices, Components - Emerging Markets"
3699,"Markit Indices Ltd, iBoxx Bonds USD Asia ex-Japan"
3755,"Markit Indices Ltd, iBoxx Bonds USD HY"
3774,Societe Generale Euronext ETFs
3775,Societe Generale Euronext Equities
3782,"Markit Indices Ltd, iBoxx Bds USD Asia ex-Japan Singapore Fixing"
3783,"Markit Indices Ltd, iBoxx Bds USD Asia ex-Japan NY Fixing"
3791,EPS - Inflation Linked Bonds
3793,The Blackstone Group International Partners LLP
3801,CryptoCompare
3806,Bitstamp data provided by CryptoCompare
3807,Kraken data provided by CryptoCompare
3810,Gemini data provided by CryptoCompare
3811,Coinbase data provided by CryptoCompare
3816,itBit data provided by CryptoCompare
3821,Bitfinex data provided by CryptoCompare
3823,Liquid by CC
3824,bitFlyer CC
3828,BitBay by CC
3851,P2PB2B data provided by CryptoCompare
3857,Exmo by CC
3859,Bitso by CC
3865,Poloniex CC
3877,ICE Benchmark Administration Ltd. (IBA) ICE Gold Fixings Delayed
3878,ICE Benchmark Administration Ltd. (IBA) ICE Silver Fixings Dly
3906,S&P/IHS Markit INAVs
3907,CBOE AU ETF
3909,"Tullett Prebon Information - Fixed Income, Alternative T&S"
3925,Maverix Securities AG
3946,UniCredit IP
3949,ICE Gib iNAV
3951,"Fund NAVs and AUM Europe, DIV"
3952,"Fund NAVs and AUM Europe, JPY"
3953,"Fund NAVs and AUM Europe, CHF"
3954,"Fund NAVs and AUM Europe, GBP"
3955,"Fund NAVs and AUM Europe, USD"
3956,"Fund NAVs and AUM Europe, EUR"
3961,"North America Performance and NAVs, USD"
3962,Ultumus GBP
3963,Ultumus CHF
3964,Ultumus USD
3965,Ultumus JPY
3966,Ultumus EUR
3967,Ultumus Other
3968,"Cboe Data Services LLC, CGI"
3969,"Cboe Data Services LLC, CGI, Delayed"
3971,Ultumus HKD
3972,FENICS
3973,"North America Performance and NAVs, CAD"
3974,"Fund Performance Europe, DIV"
3975,"Fund Performance Europe, JPY"
3976,"Fund Performance Europe, CHF"
3977,"Fund Performance Europe, GBP"
3978,"Fund Performance Europe, USD"
3979,"Fund Performance Europe, EUR"
3980,Tradition DATA
4191,EK INTERLAKEN
4400,"BANQUE CANTONALE VAUDOISE,PRILLY (inaktiv)"
4401,BONDPARTNERS LAUSANNE (inaktiv)
4405,"BERNER KANTONALBANK, BERN (inaktiv)"
4409,"VALLIANT PRIVATBANK, BERN"
4411,Swisscanto
4600,PKB PRIVATBANK AG (inaktiv)
4601,BANCO GOTTARDO IN LUGANO (inaktiv)
4609,"REICHMUTH & CO, LUZERN"
5000,BHF-BANK IN FRANKFURT
5006,UBS Investment Bank Frankfurt (inaktiv)
5014,CBOE Europe - DXE Periodic
5019,CBOE Europe - DXE dark order book (NL)
5021,CBOE Europe - DXE off-book (NL)
5022,CBOE Europe - Lis Service (NL)
5029,Citigroup Global Markets EMEA Liq Hub
5030,Citi Match DE Contra Liquidity
5031,Citigroup Global Markets Europe EMEA Trading
5050,Aquis Ex EU
5051,AquisSAS 1st
5091,Nasdaq First North Copenhagen Equities - SME Growth Market
5097,Fist North Finland SME Growth Market
5106,Virtu Matchit
5112,Nasdaq First North Stockholm Equities
5119,Hrteu Limited
5125,Goldman Sachs Europe - Systematic Internaliser
5135,Credit Suisse Securities
5136,Credit Suisse EU Systematic Internaliser
5151,Tower Research Capital Europe - Systematic Internaliser
5154,Citadel Connect Europe
5164,XTX Markets SAS
5192,Coda Markets
5194,SIX Swiss Exchange - EBBO Book
5219,Posit Auction UK
5220,Posit Dark UK
5232,Flow Traders US
5240,BLK EUR EU
5253,SIX Digital
5254,Tower Research Capital TRCX
5285,Virt Fin Ireland
5306,Credit Suisse Closex
5307,Credit Suisse VWAPX
5315,"NYSE-CTA Long-term Stock Exchange, INC."
5322,CBOE FX NDFS
5329,"NYSE-CTA Members Exchange, LLC"
5330,"NYSE-CTA MIAX Pearl Exchange, LLC"
5382,SIX Swiss Exchange - ETF QOD
5383,Chicago Mercantile Exchange
5402,Sigma X EU
5403,Sigma X EU
5407,Jane Street Netherlands
5430,Aquis Ex EU
5464,"Warsaw Stock Exchange, Global Connect"
5483,TradeRebel
5572,Aquis Exchange
5582,Stonex Fin Inc
5674,Bolsa de Mercados Espanoles (BME)
5762,"WESTDEUTSCHE LANDESBANK,DUESELDORF (inaktiv)"
6016,Liquidnet Europe Limited
6022,Neo Exchange (MBO)
6024,Two Sigma Securities LLC
6054,Liquidnet H2O ATS
6067,Euronext - Irish  Atlantic Securities Market
6068,CBOE BYX US Equities Exchange Dark
6069,CBOE BZX US Equities Exchange Dark
6079,SIX Corporate Bonds
6095,Shenzhen Stock Exchange - Shenzhen - Hong Kong Stock Connect
6100,Bloomberg TF
6101,CBOE Europe
6127,Euronext Growth Oslo
6145,Off-Exchange Transactions - Listed Instruments
6150,Nasdaq Copenhagen Nordic
6151,NASDAQ Helsinki Ltd Nordic
6153,First North Denmark Nordic
6154,Fist North Finland Nordic
6156,First North Sweden - Nordic
6157,Nasdaq Stockholm AB
6166,Citibloc
6167,Jane Street JX
6178,Miami International Holdings Inc
6184,Lang & Schwarz Exchange
6196,CBOE Europe
6197,Crypto Facilities
6199,Nadaq Copenhagen AS
6200,Nasdaq Helsinki
6202,First North DK
6203,First North Finland
6205,First North Sweden - Nordic
6206,Nasdaq Stockholm AB
6208,Hi - Mtf RFQ
6215,CBOE Europe
6216,Stock Exchange of Hong Kong Ltd - SZN - HK Stock Connect Odd Lo
6217,Nasdaq CXD
6226,Goldman Sachs
6237,London Stock Exchange - AIM MTF
6243,Sigma X2
6246,London Stock Exchange - MTF
6258,Virtu Financial BD
6274,Vertical
6275,Goldman Sachs
6276,IMC Financial Markets
6310,Investors Exchange Dark
6319,UBS Europe SI
6320,UBS London Systematic Internaliser
6322,Virtual Financial Ireland Limited
6327,Sigma X MTF - Auction Book
6334,CS International Systematic Internaliser
6341,Jane Street Systematic Internaliser
6344,Credit Suisse Sec Europe Systematic Internaliser
6346,Tower Research Capital Europe Ltd
6353,Jump Liquidity
6361,"Turquoise Lit Auctions, 1st Listing"
6362,Bolsa Institucional de Valores
6378,Sun Trading LLC
6381,Posit Auction
6513,Citadel Connect Europe
6514,Citigroup Global Markets EMEA Liquidity Hub
6515,Citigroup Global Markets EMEA Trading
6538,Merrill Lynch International Systematic Internaliser
6550,XTX Markets
6551,UBS MTF Limited
6560,Instinet Blockcross ATS
6566,Goldman Sachs Europe - Systematic Internaliser
6648,ODDO
6666,Marketaxess NL
6669,Aquis Exchange
6671,"Turquoise Nylon Cash Order Book, 1st Listing"
6676,First North Sweden - Nordic
6677,First North Sweden - Nordic
6682,Nasdaq Midpoint-ELO
6691,Hudson River Trading
6693,Intelligentcross
6722,CHI-X Australia
6727,Chi-X Australia Mid Point Venue
6734,ASX Centre Point
6740,Wiener Börse AG - Dritter Markt
6743,Wiener Börse AG - Wertpapierbörse
6752,Euronext Brussels Growth
6755,Euronext-Trading Facility Brussels
6765,Chi-X Canada ATS
6766,CX2
6769,Match Now
6771,OMEGA ATS
6772,LYNX ATS
6774,Alpha Exchange
6776,Canadian Sec Exchange - Pure
6808,Euronext GR Paris
6809,Euronext Access Paris
6820,Boerse Berlin Equiduct Trading - Regulierter Markt
6821,Boerse Berlin Equiduct Trading - Berlin second Regulated Market
6822,Boerse Berlin Equiduct Trading - Freiverkehr
6829,Boerse Duesseldorf AG - Quotrix
6838,XETRA Regulierter Markt
6839,XETRA - Freiverkehr
6857,Athens Exchange
6900,Euronext Irish Enterprise Market
6901,Euronext - Irish SE Global Exchange
6902,Euronext Dublin
6915,HI-MT
6916,HI-MTF ORDER DRIVEN
6920,ELECTR FUNDS
6921,Euronext Milan
6937,Japan Exchange Group
6939,"Osaka Exchange, J-NET"
6992,Euronext Access Lisbon
7024,BME MTF Equity (IIC and ECR Segments)
7027,SEND - Sistema Electronico de Negociacion de Deuda
7030,Sistema Espanol de Negociacion de activos Financieros
7059,Euronext - Traded but not listed at Amsterdam
7078,AQUIS Exchange
7081,CBOE Europe
7082,CBOE Europe
7084,CBOE Europe - CXE dark order book
7098,CS Europe
7099,CS Europe AES
7128,Liquidnet Systems
7139,Marketaxess Europe Limited
7159,Sigma
7162,Marex Spec
7180,Tradeweb Europe Limited
7186,XCOR
7193,MTS Slovenia
7206,Aqua Equities
7207,Bank of America - Merryll Lynch Instinct X ATS
7208,Barclays ATS
7212,Bids Trading LP
7221,Citadel Securities
7223,Citi Match GB
7224,Citi Cross
7225,CS AES Crossfinder
7227,Deutsche Bank Super X
7230,CBOE EDGX US Equities Exchange Dark
7231,CBOE EDGA US Equities Exchange Dark
7255,ICE Endex EQ
7259,ITG Posit
7260,JPMX
7261,JSES
7264,Knight Equity Markets
7265,Knight Link
7271,Level ATS
7272,MS Pool
7278,Fidelity Crossstream ATS
7312,UBS ATS
7313,UBS PIN
7332,Instinet CBX US
7341,Nasdaq OMX BX Dark
7342,NASDAQ Fixed Income
7343,Nasdaq Dark
7348,NASDAQ NMS
7353,Arca Dark
7354,NYSE Dark
7367,GTSX
7371,Boerse Stuttgart - Regulierter Markt - Technical Platform 2
7372,Boerse Stuttgart - Freiverkehr - Technical Platform 2
7395,Credit Suisse AES Europe
7409,Bloomberg Trading Facility B.V.
7411,Hudson River Trading
7417,BOFA Sec EU
7426,Tradeweb EU MTF
7428,Tradeweb EU BV
7436,Liquidnet EU Limited Equity MTF
7462,Neo Exchange (Dark)
7463,Neo Exchange (Market by Price)
7468,IMC Systematic Internaliser
7496,CBOE Europe - Regulated Market Dark Book (NL)
8001,Morningstar Inc
8037,ICAP New York
8222,Telekurs AG in Zuerich
8223,Telekurs AG in Singapore
8303,ANZ Australia and New Zealand Banking Group Ltd in Melbourne
8304,Bank of China
8305,Bank of Communications
8308,Dah Sing Bank
8309,Development Bank of Singapore
8310,Hang Seng Bank
8312,Hong Kong Forex Investment
8313,HSBC in Hong Kong
8315,Indover Bank (Asia)
8318,GTIS-United Simsen Forex Dealers Ltd
8320,SE Banken in Singapore
8321,Standard Chartered Bank
8322,"Sun Hung Kai, Forex and Bullion"
8326,Westpac Banking Corporation
8329,ABN AMRO Bank
8330,Allied Irish Banks
8331,Akmos Trade
8332,Barclays Bank
8336,Den Norske Bank
8339,JP Morgan Chase & Co
8340,ZKB Zuercher Kantonalbank
8341,Nordea
8342,"OHV Oolders, Heijning & Voogelaar Money Brokers"
8343,OKO Bank
8345,Sampo
8346,Saxo Bank
8347,HSBC Trinkaus & Burkhardt
8349,UBS Investment Bank
8353,Cougar Capital Management Inc
8354,Forex Capital Markets
8355,Gain Capital
8356,Global Forex Trading
8357,GTIS Corporation
8361,Rada Forex
8364,Svenska Handelsbanken in New York
8369,Broker Box
8372,City Credit Investment Bank Ltd
8375,"Realtime Forex, ComStock"
8381,GTIS Cross Rates
8382,Oesterreichische Volksbanken AG
8383,Bank fuer Tirol und Vorarlberg
8384,GTIS Calculated Averages
8386,GTIS CMC in London
8395,Skandinaviska Enskilda Bank in Stockholm
8422,Norges Bank
8423,OTCD-3Dfx
8432,Standard Bank
8434,FX Dealer Direct
9002,Barclays Met Ltd
9007,Triland Metals Ltd
9011,Amalgamated Metal Trading Ltd
9012,REFCO Overseas Ltd
9014,Mitsui Bussan Commodities Ltd
9015,Prudential Bache International Ltd
9016,Metdist Trading Ltd
9017,Calyon Commodities (ex Credit Lyonnais)
9019,Calyon Commodities (ex Carr Futures)
9020,Macquarie Securities (UK Limited)
9021,Sucden (UK) Limited
9023,ED & F MAN
9025,Standard Bank
9034,Koch Metals Trading
9035,Morgan Stanley & Co
9041,HSBC LONDON
9042,SWISS INV. CORP. LTD.
9043,Toyota Tsusho Metals Ltd
9044,"Natexis Ltd, Metals"
9045,Sempra Metals Ltd
9046,Societe Generale in London
9049,UBS Clearing and Executive Service Ltd
9050,BNP Paribas in London
9051,Deutsche Bank AG in London
9052,Dresdner Bank in London
9053,Goldman Sachs International
9055,JP Morgan
9057,HSBC Bank in London
9060,MAN Financial
9061,"Bank of America Ltd, Securities"
9062,Fortis Bank
9063,MAREX Financial Ltd
9067,UBS
9500,Schwyz Emissionen
9501,Emissionen Ausland
9502,Emissionen Netto
9541,Devisenoptionen
9542,Optionen Edelmetall
9600,Schwyz
9650,Planapplikation FW
9692,TK INAV SWX 3 ZH Multiple Currency
9693,TK INAV SWX 4 ZH Multiple Currency
9694,TK INAV SWX 5 ZH Multiple Currency
9695,Diverse Funds Malta (Sammel-BC Malta)
9697,"Swiss Tax Authority,Precious Metals and Forex Rates"
9698,Funds Central / Eastern Europe
9700,Zürich
9701,OTC Switzerland
9742,USD - Currency BC for Settlement Days
9748,SIX Foreign Exchange Fixing Rates
9751,Bolsas y Mercados Espanoles
9760,Funds Fast Numerous Funds
9765,"OTCD-BMIL Ldt, Dubai"
9771,OTCD-Erste Bank
9773,"OTCD-Nordea, Copenhagen"
9777,SZKB Strategiefonds
9780,OTCD-Divisa
9781,"OTCD-Danske Bank, Copenhagen"
9783,Posit Dark
9784,Blockmatch Dark
9786,UBS MTF Limitet - Dark order book
9800,Funds
9809,Combined Fund Manager/Administrator - GBP
9810,Combined Fund Manager/Administrator - JPY
9811,Combined Fund Manager/Administrator - Other Currency
9812,Combined Fund Manager/Administrator - EUR
9813,Combined Fund Manager/Administrator - CHF
9814,Combined Fund Manager/Administrator - USD
9900,EUROMARKT
9974,Test Boerse for Negative Price
9996,Rolotec AG Exchange Traded Funds TEST
9997,STK Indicative NAV / IOPV Distribution
9998,Rolotec AG Exchange Traded Funds for NYSE
9999,Finnova OTC
11000,AMROBANK AMST
11010,CITCO FUND SERVICES
11012,RABO BANK AMSTERDAM
11020,Best Execution
13004,"KNEIP COMMUNICATION, LUXEMBOURG"
13010,kneip communication
13012,DIV. LIEFERANT. LUX.
13016,CC LUX.
13017,C.C.EURO
13192,PICTET LUXEMBOURG
15003,STE GENERALE PARIS
15018,DEUTSCHE BANK PARIS
18005,ERSTE WIEN
